<?xml version="1.0" encoding="UTF-8" ?>
<!-- 日志组件启动时，打印调试信息，并监控此文件变化，周期300秒 -->
<configuration scan="true" scanPeriod="300 seconds" debug="false">

    <!-- 配置文件，包括此文件内的所有变量的配置 -->
    <property name="APP_NAME" value="cqfae-dashboard-api-ds"/>
    <property name="MY_PATTERN" value="%d{yyyy-MM-dd HH:mm:ss.SSS} %-5level [%thread] %logger{36}:%L- %msg%n"/>

    <!-- contextName主要是为了区分在一个web容器下部署多个应用启用jmx时，不会出现混乱 -->
    <contextName>${APP_NAME}</contextName>

    <!-- ***************************************************************** -->
    <!-- 配置输出到控制台，仅在开发测试时启用输出到控制台 -->
    <!-- ***************************************************************** -->
    <appender name="STDOUT" class="ch.qos.logback.core.ConsoleAppender">
        <encoder>
            <pattern>${MY_PATTERN}</pattern>
            <charset>UTF-8</charset>
        </encoder>
        <!-- INFO级别以下直接过滤掉
        <filter class="ch.qos.logback.classic.filter.ThresholdFilter">
            <level>INFO</level>
        </filter>-->
    </appender>

    <!-- 自定义包的输出级别 -->
    <logger name="org.springframework.security" level="INFO"/>
    <logger name="com.cqfae" level="INFO"/>
    <logger name="dao" level="DEBUG"/> <!-- 调试mybatis输出日志 -->

    <!-- 根日志logger -->
    <root level="INFO">
        <appender-ref ref="STDOUT"/>
    </root>

</configuration>